"Status","Start Time","Stop Time","Duration in ms","Parent Suite","Suite","Sub Suite","Test Class","Test Method","Name","Description"
"passed","Fri Jul 01 14:18:50 CST 2022","Fri Jul 01 14:18:50 CST 2022","0","PTEST","test_p","TestP","","","test03[a2]",""
"passed","Fri Jul 01 14:18:50 CST 2022","Fri Jul 01 14:18:50 CST 2022","0","PTEST","test_p","TestP","","","test02[a2]",""
"passed","Fri Jul 01 14:18:50 CST 2022","Fri Jul 01 14:18:50 CST 2022","0","PTEST","test_p","TestP","","","test01[a0]",""
"passed","Fri Jul 01 14:18:50 CST 2022","Fri Jul 01 14:18:50 CST 2022","0","PTEST","test_p","TestP","","","test02[a0]",""
"passed","Fri Jul 01 14:18:50 CST 2022","Fri Jul 01 14:18:50 CST 2022","0","PTEST","test_p01","TestP01","","","testa[a1]",""
"passed","Fri Jul 01 14:18:50 CST 2022","Fri Jul 01 14:18:50 CST 2022","0","PTEST","test_p01","TestP01","","","testa[a0]",""
"passed","Fri Jul 01 14:18:50 CST 2022","Fri Jul 01 14:18:50 CST 2022","0","PTEST","test_p","TestP","","","test03[a1]",""
"passed","Fri Jul 01 14:18:50 CST 2022","Fri Jul 01 14:18:50 CST 2022","1","PTEST","test_p","TestP","","","test01[a1]",""
"passed","Fri Jul 01 14:18:50 CST 2022","Fri Jul 01 14:18:50 CST 2022","1","PTEST","test_p01","TestP01","","","testa[a2]",""
"passed","Fri Jul 01 14:18:50 CST 2022","Fri Jul 01 14:18:50 CST 2022","0","PTEST","test_p","TestP","","","test02[a1]",""
"passed","Fri Jul 01 14:18:50 CST 2022","Fri Jul 01 14:18:50 CST 2022","0","PTEST","test_p","TestP","","","test03[a0]",""
"passed","Fri Jul 01 14:18:50 CST 2022","Fri Jul 01 14:18:50 CST 2022","1","PTEST","test_p","TestP","","","test01[a2]",""
